--------------------------------------------------------
-- Archivo creado  - sábado-octubre-20-2012   
--------------------------------------------------------
--------------------------------------------------------
--  DDL for Table USERS
--------------------------------------------------------

  CREATE TABLE "OSMAR_USER"."USERS" 
   (	"ID" NUMBER(10,0), 
	"NAME" VARCHAR2(100 BYTE), 
	"PASSWORD" VARCHAR2(100 BYTE)
   ) SEGMENT CREATION IMMEDIATE 
  PCTFREE 10 PCTUSED 40 INITRANS 1 MAXTRANS 255 NOCOMPRESS LOGGING
  STORAGE(INITIAL 65536 NEXT 1048576 MINEXTENTS 1 MAXEXTENTS 2147483645
  PCTINCREASE 0 FREELISTS 1 FREELIST GROUPS 1 BUFFER_POOL DEFAULT FLASH_CACHE DEFAULT CELL_FLASH_CACHE DEFAULT)
  TABLESPACE "USERS" ;
--------------------------------------------------------
--  DDL for Table SUPPLIERS
--------------------------------------------------------

  CREATE TABLE "OSMAR_USER"."SUPPLIERS" 
   (	"ID" NUMBER(10,0), 
	"DNI" VARCHAR2(8 BYTE), 
	"NAME" VARCHAR2(50 BYTE), 
	"TELEPHONE" CHAR(9 BYTE), 
	"ADDRESS" VARCHAR2(50 BYTE), 
	"DOOR" NUMBER(10,0), 
	"LOCALITY" VARCHAR2(50 BYTE), 
	"PROVINCE" VARCHAR2(50 BYTE), 
	"CP" CHAR(5 BYTE), 
	"COUNTRY" VARCHAR2(50 BYTE), 
	"FAX" VARCHAR2(9 BYTE), 
	"EMAIL" VARCHAR2(50 BYTE)
   ) SEGMENT CREATION IMMEDIATE 
  PCTFREE 10 PCTUSED 40 INITRANS 1 MAXTRANS 255 NOCOMPRESS LOGGING
  STORAGE(INITIAL 65536 NEXT 1048576 MINEXTENTS 1 MAXEXTENTS 2147483645
  PCTINCREASE 0 FREELISTS 1 FREELIST GROUPS 1 BUFFER_POOL DEFAULT FLASH_CACHE DEFAULT CELL_FLASH_CACHE DEFAULT)
  TABLESPACE "USERS" ;
--------------------------------------------------------
--  DDL for Table REGIONS
--------------------------------------------------------

  CREATE TABLE "OSMAR_USER"."REGIONS" 
   (	"ID" NUMBER(10,0), 
	"NAME" VARCHAR2(50 BYTE)
   ) SEGMENT CREATION IMMEDIATE 
  PCTFREE 10 PCTUSED 40 INITRANS 1 MAXTRANS 255 NOCOMPRESS LOGGING
  STORAGE(INITIAL 65536 NEXT 1048576 MINEXTENTS 1 MAXEXTENTS 2147483645
  PCTINCREASE 0 FREELISTS 1 FREELIST GROUPS 1 BUFFER_POOL DEFAULT FLASH_CACHE DEFAULT CELL_FLASH_CACHE DEFAULT)
  TABLESPACE "USERS" ;
--------------------------------------------------------
--  DDL for Table PRODUCTS
--------------------------------------------------------

  CREATE TABLE "OSMAR_USER"."PRODUCTS" 
   (	"ID" NUMBER(10,0), 
	"PRICE" NUMBER(10,2), 
	"NAME" VARCHAR2(50 BYTE), 
	"DESCRIPTION" VARCHAR2(100 BYTE), 
	"REASONABLE_MAX" NUMBER(10,0), 
	"SUPPLIER_ID" NUMBER(10,0)
   ) SEGMENT CREATION IMMEDIATE 
  PCTFREE 10 PCTUSED 40 INITRANS 1 MAXTRANS 255 NOCOMPRESS LOGGING
  STORAGE(INITIAL 65536 NEXT 1048576 MINEXTENTS 1 MAXEXTENTS 2147483645
  PCTINCREASE 0 FREELISTS 1 FREELIST GROUPS 1 BUFFER_POOL DEFAULT FLASH_CACHE DEFAULT CELL_FLASH_CACHE DEFAULT)
  TABLESPACE "USERS" ;
--------------------------------------------------------
--  DDL for Table ORDERS
--------------------------------------------------------

  CREATE TABLE "OSMAR_USER"."ORDERS" 
   (	"ID" NUMBER(10,0), 
	"CP_ENVIO" VARCHAR2(5 BYTE), 
	"SENDING_COUNTRY" VARCHAR2(20 BYTE), 
	"SENDING_DOOR" VARCHAR2(30 BYTE), 
	"SENDING_NUMBER" NUMBER(10,0), 
	"SENDING_STREET" VARCHAR2(100 BYTE), 
	"PAYMENT_FORM" VARCHAR2(20 BYTE), 
	"ELABORATION_DATE" DATE, 
	"CHECK_DEPOT_DATE" DATE, 
	"ATTENTION_DATE" DATE, 
	"SENDING_LIST_DATE" DATE, 
	"STORAGE_DEPOT_DATE" DATE, 
	"EMPLOYEE_ID" NUMBER(10,0), 
	"CUSTOMER_ID" NUMBER(10,0), 
	"STATE" NUMBER(10,0)
   ) SEGMENT CREATION IMMEDIATE 
  PCTFREE 10 PCTUSED 40 INITRANS 1 MAXTRANS 255 NOCOMPRESS LOGGING
  STORAGE(INITIAL 65536 NEXT 1048576 MINEXTENTS 1 MAXEXTENTS 2147483645
  PCTINCREASE 0 FREELISTS 1 FREELIST GROUPS 1 BUFFER_POOL DEFAULT FLASH_CACHE DEFAULT CELL_FLASH_CACHE DEFAULT)
  TABLESPACE "USERS" ;
--------------------------------------------------------
--  DDL for Table ORDER_LINES
--------------------------------------------------------

  CREATE TABLE "OSMAR_USER"."ORDER_LINES" 
   (	"ID" NUMBER(10,0), 
	"CANTIDAD" NUMBER(10,0), 
	"PRECIO" NUMBER(10,2), 
	"ASSIGNED_AMOUNT" NUMBER(10,0), 
	"ORDER_ID" NUMBER(10,0), 
	"PRODUCT_ID" NUMBER(10,0)
   ) SEGMENT CREATION IMMEDIATE 
  PCTFREE 10 PCTUSED 40 INITRANS 1 MAXTRANS 255 NOCOMPRESS LOGGING
  STORAGE(INITIAL 65536 NEXT 1048576 MINEXTENTS 1 MAXEXTENTS 2147483645
  PCTINCREASE 0 FREELISTS 1 FREELIST GROUPS 1 BUFFER_POOL DEFAULT FLASH_CACHE DEFAULT CELL_FLASH_CACHE DEFAULT)
  TABLESPACE "USERS" ;
--------------------------------------------------------
--  DDL for Table INCIDENTS
--------------------------------------------------------

  CREATE TABLE "OSMAR_USER"."INCIDENTS" 
   (	"ID" NUMBER(10,0), 
	"DATED" DATE, 
	"OBSERVATIONS" VARCHAR2(250 BYTE), 
	"EMPLOYEE_ID" NUMBER(10,0), 
	"ORDER_ID" NUMBER(10,0)
   ) SEGMENT CREATION IMMEDIATE 
  PCTFREE 10 PCTUSED 40 INITRANS 1 MAXTRANS 255 NOCOMPRESS LOGGING
  STORAGE(INITIAL 65536 NEXT 1048576 MINEXTENTS 1 MAXEXTENTS 2147483645
  PCTINCREASE 0 FREELISTS 1 FREELIST GROUPS 1 BUFFER_POOL DEFAULT FLASH_CACHE DEFAULT CELL_FLASH_CACHE DEFAULT)
  TABLESPACE "USERS" ;
--------------------------------------------------------
--  DDL for Table EMPLOYEES
--------------------------------------------------------

  CREATE TABLE "OSMAR_USER"."EMPLOYEES" 
   (	"ID" NUMBER(10,0), 
	"LOGIN" VARCHAR2(100 BYTE), 
	"PASSWORD" VARCHAR2(100 BYTE), 
	"CHARGE" VARCHAR2(100 BYTE), 
	"NAME" VARCHAR2(50 BYTE), 
	"TELEPHONE" CHAR(9 BYTE), 
	"DEPOT_ID" NUMBER(10,0)
   ) SEGMENT CREATION IMMEDIATE 
  PCTFREE 10 PCTUSED 40 INITRANS 1 MAXTRANS 255 NOCOMPRESS LOGGING
  STORAGE(INITIAL 65536 NEXT 1048576 MINEXTENTS 1 MAXEXTENTS 2147483645
  PCTINCREASE 0 FREELISTS 1 FREELIST GROUPS 1 BUFFER_POOL DEFAULT FLASH_CACHE DEFAULT CELL_FLASH_CACHE DEFAULT)
  TABLESPACE "USERS" ;
--------------------------------------------------------
--  DDL for Table DEPOTS
--------------------------------------------------------

  CREATE TABLE "OSMAR_USER"."DEPOTS" 
   (	"ID" NUMBER(10,0), 
	"NAME" VARCHAR2(50 BYTE), 
	"ADDRESS" VARCHAR2(50 BYTE), 
	"TELEPHONE" NUMBER(10,0), 
	"COUNTRY" VARCHAR2(50 BYTE), 
	"FAX" VARCHAR2(9 BYTE), 
	"EMAIL" VARCHAR2(50 BYTE), 
	"REGION_ID" NUMBER(10,0)
   ) SEGMENT CREATION IMMEDIATE 
  PCTFREE 10 PCTUSED 40 INITRANS 1 MAXTRANS 255 NOCOMPRESS LOGGING
  STORAGE(INITIAL 65536 NEXT 1048576 MINEXTENTS 1 MAXEXTENTS 2147483645
  PCTINCREASE 0 FREELISTS 1 FREELIST GROUPS 1 BUFFER_POOL DEFAULT FLASH_CACHE DEFAULT CELL_FLASH_CACHE DEFAULT)
  TABLESPACE "USERS" ;
--------------------------------------------------------
--  DDL for Table DEPOT_PRODUCTS
--------------------------------------------------------

  CREATE TABLE "OSMAR_USER"."DEPOT_PRODUCTS" 
   (	"ID" NUMBER(10,0), 
	"STOCK" NUMBER(*,0), 
	"ASSIGNED_STOCK" NUMBER(*,0), 
	"DEPOT_ID" NUMBER(10,0), 
	"PRODUCT_ID" NUMBER(10,0)
   ) SEGMENT CREATION IMMEDIATE 
  PCTFREE 10 PCTUSED 40 INITRANS 1 MAXTRANS 255 NOCOMPRESS LOGGING
  STORAGE(INITIAL 65536 NEXT 1048576 MINEXTENTS 1 MAXEXTENTS 2147483645
  PCTINCREASE 0 FREELISTS 1 FREELIST GROUPS 1 BUFFER_POOL DEFAULT FLASH_CACHE DEFAULT CELL_FLASH_CACHE DEFAULT)
  TABLESPACE "USERS" ;
--------------------------------------------------------
--  DDL for Table CUSTOMERS
--------------------------------------------------------

  CREATE TABLE "OSMAR_USER"."CUSTOMERS" 
   (	"ID" NUMBER(10,0), 
	"NAME" VARCHAR2(50 BYTE), 
	"DOOR" NUMBER(10,0), 
	"STREET" VARCHAR2(100 BYTE), 
	"TELEPHONE" CHAR(9 BYTE), 
	"LOCALITY" VARCHAR2(50 BYTE), 
	"PROVINCE" VARCHAR2(50 BYTE), 
	"CP" NUMBER(10,0), 
	"BANK_ACCOUNT" VARCHAR2(10 BYTE), 
	"EMAIL" VARCHAR2(50 BYTE), 
	"COUNTRY" VARCHAR2(50 BYTE), 
	"COMPANY_STATE" NUMBER(1,0), 
	"CONTACT_PERSON" VARCHAR2(50 BYTE), 
	"TIF_PERS_CONTACT" VARCHAR2(50 BYTE), 
	"RATIO_CONFIDENCE" NUMBER(10,2), 
	"REPRESENTATIVE" VARCHAR2(50 BYTE), 
	"FAX" VARCHAR2(9 BYTE), 
	"DNI" VARCHAR2(8 BYTE), 
	"EMPLOYEE_ID" NUMBER(10,0)
   ) SEGMENT CREATION IMMEDIATE 
  PCTFREE 10 PCTUSED 40 INITRANS 1 MAXTRANS 255 NOCOMPRESS LOGGING
  STORAGE(INITIAL 65536 NEXT 1048576 MINEXTENTS 1 MAXEXTENTS 2147483645
  PCTINCREASE 0 FREELISTS 1 FREELIST GROUPS 1 BUFFER_POOL DEFAULT FLASH_CACHE DEFAULT CELL_FLASH_CACHE DEFAULT)
  TABLESPACE "USERS" ;
--------------------------------------------------------
--  DDL for Table COUNTRIES
--------------------------------------------------------

  CREATE TABLE "OSMAR_USER"."COUNTRIES" 
   (	"ID" NUMBER(10,0), 
	"NAME" VARCHAR2(50 BYTE), 
	"REGION_ID" NUMBER(10,0)
   ) SEGMENT CREATION IMMEDIATE 
  PCTFREE 10 PCTUSED 40 INITRANS 1 MAXTRANS 255 NOCOMPRESS LOGGING
  STORAGE(INITIAL 65536 NEXT 1048576 MINEXTENTS 1 MAXEXTENTS 2147483645
  PCTINCREASE 0 FREELISTS 1 FREELIST GROUPS 1 BUFFER_POOL DEFAULT FLASH_CACHE DEFAULT CELL_FLASH_CACHE DEFAULT)
  TABLESPACE "USERS" ;
REM INSERTING into OSMAR_USER.USERS
SET DEFINE OFF;
Insert into OSMAR_USER.USERS (ID,NAME,PASSWORD) values ('1','admin','123123_');
REM INSERTING into OSMAR_USER.SUPPLIERS
SET DEFINE OFF;
Insert into OSMAR_USER.SUPPLIERS (ID,DNI,NAME,TELEPHONE,ADDRESS,DOOR,LOCALITY,PROVINCE,CP,COUNTRY,FAX,EMAIL) values ('1','47402208','Provedores Marit S.A.C.','907878   ','Av. La Costanera 111','1','Puno','Puno','12389','Peru','50505','jose.jose@gmail.com');
REM INSERTING into OSMAR_USER.REGIONS
SET DEFINE OFF;
Insert into OSMAR_USER.REGIONS (ID,NAME) values ('23','Sur');
REM INSERTING into OSMAR_USER.PRODUCTS
SET DEFINE OFF;
Insert into OSMAR_USER.PRODUCTS (ID,PRICE,NAME,DESCRIPTION,REASONABLE_MAX,SUPPLIER_ID) values ('2','110,23','Zapatilla GY','Nice','200','1');
Insert into OSMAR_USER.PRODUCTS (ID,PRICE,NAME,DESCRIPTION,REASONABLE_MAX,SUPPLIER_ID) values ('4','59','Zapatillas Adidas','Full Performance','230','1');
REM INSERTING into OSMAR_USER.ORDERS
SET DEFINE OFF;
Insert into OSMAR_USER.ORDERS (ID,CP_ENVIO,SENDING_COUNTRY,SENDING_DOOR,SENDING_NUMBER,SENDING_STREET,PAYMENT_FORM,ELABORATION_DATE,CHECK_DEPOT_DATE,ATTENTION_DATE,SENDING_LIST_DATE,STORAGE_DEPOT_DATE,EMPLOYEE_ID,CUSTOMER_ID,STATE) values ('36','10000','Chile','1','12','J. Atacama 3022','Tarjeta',to_date('15/10/12','DD/MM/RR'),to_date('15/10/12','DD/MM/RR'),to_date('15/10/12','DD/MM/RR'),to_date('15/10/12','DD/MM/RR'),null,'24','28','4');
Insert into OSMAR_USER.ORDERS (ID,CP_ENVIO,SENDING_COUNTRY,SENDING_DOOR,SENDING_NUMBER,SENDING_STREET,PAYMENT_FORM,ELABORATION_DATE,CHECK_DEPOT_DATE,ATTENTION_DATE,SENDING_LIST_DATE,STORAGE_DEPOT_DATE,EMPLOYEE_ID,CUSTOMER_ID,STATE) values ('37','10001','Bolivia','23','123','J. Atacama 3022','Tarjeta',to_date('15/10/12','DD/MM/RR'),to_date('15/10/12','DD/MM/RR'),to_date('15/10/12','DD/MM/RR'),to_date('15/10/12','DD/MM/RR'),null,'24','30','4');
Insert into OSMAR_USER.ORDERS (ID,CP_ENVIO,SENDING_COUNTRY,SENDING_DOOR,SENDING_NUMBER,SENDING_STREET,PAYMENT_FORM,ELABORATION_DATE,CHECK_DEPOT_DATE,ATTENTION_DATE,SENDING_LIST_DATE,STORAGE_DEPOT_DATE,EMPLOYEE_ID,CUSTOMER_ID,STATE) values ('41','4000','Chile','1','90','J. Atacama 3022','Tarjeta',to_date('18/10/12','DD/MM/RR'),null,null,null,null,'42','28','1');
REM INSERTING into OSMAR_USER.ORDER_LINES
SET DEFINE OFF;
Insert into OSMAR_USER.ORDER_LINES (ID,CANTIDAD,PRECIO,ASSIGNED_AMOUNT,ORDER_ID,PRODUCT_ID) values ('3','2','89','12','36','2');
Insert into OSMAR_USER.ORDER_LINES (ID,CANTIDAD,PRECIO,ASSIGNED_AMOUNT,ORDER_ID,PRODUCT_ID) values ('4','6','90','12','36','4');
Insert into OSMAR_USER.ORDER_LINES (ID,CANTIDAD,PRECIO,ASSIGNED_AMOUNT,ORDER_ID,PRODUCT_ID) values ('5','8','160','0','37','2');
Insert into OSMAR_USER.ORDER_LINES (ID,CANTIDAD,PRECIO,ASSIGNED_AMOUNT,ORDER_ID,PRODUCT_ID) values ('6','5','50','0','37','2');
Insert into OSMAR_USER.ORDER_LINES (ID,CANTIDAD,PRECIO,ASSIGNED_AMOUNT,ORDER_ID,PRODUCT_ID) values ('21','4','80','0','41','2');
Insert into OSMAR_USER.ORDER_LINES (ID,CANTIDAD,PRECIO,ASSIGNED_AMOUNT,ORDER_ID,PRODUCT_ID) values ('22','3','240','0','41','4');
REM INSERTING into OSMAR_USER.INCIDENTS
SET DEFINE OFF;
REM INSERTING into OSMAR_USER.EMPLOYEES
SET DEFINE OFF;
Insert into OSMAR_USER.EMPLOYEES (ID,LOGIN,PASSWORD,CHARGE,NAME,TELEPHONE,DEPOT_ID) values ('21','jefe.ac','123123_','boss','Jesus Ande Coronado','906767   ','21');
Insert into OSMAR_USER.EMPLOYEES (ID,LOGIN,PASSWORD,CHARGE,NAME,TELEPHONE,DEPOT_ID) values ('41','jefe.jl','123123_','boss','Jeffer ','907878   ','41');
Insert into OSMAR_USER.EMPLOYEES (ID,LOGIN,PASSWORD,CHARGE,NAME,TELEPHONE,DEPOT_ID) values ('23','jefe.ap','123123_','boss','Paul Mamani Tito','908080   ','22');
Insert into OSMAR_USER.EMPLOYEES (ID,LOGIN,PASSWORD,CHARGE,NAME,TELEPHONE,DEPOT_ID) values ('24','vendedor.1','123123_','sales','Beatris  Condori URtado','909050   ','21');
Insert into OSMAR_USER.EMPLOYEES (ID,LOGIN,PASSWORD,CHARGE,NAME,TELEPHONE,DEPOT_ID) values ('42','vendedor.2','123123_','sales','alallala ','909090   ','41');
REM INSERTING into OSMAR_USER.DEPOTS
SET DEFINE OFF;
Insert into OSMAR_USER.DEPOTS (ID,NAME,ADDRESS,TELEPHONE,COUNTRY,FAX,EMAIL,REGION_ID) values ('21','Almacen Central','Av. La Torre  123','909050','Peru','50501','almacen.central@sport.com','23');
Insert into OSMAR_USER.DEPOTS (ID,NAME,ADDRESS,TELEPHONE,COUNTRY,FAX,EMAIL,REGION_ID) values ('22','Almacen Puno','Jr. Lima','899090','Puno','11221','almacen.puno@sport.com','23');
Insert into OSMAR_USER.DEPOTS (ID,NAME,ADDRESS,TELEPHONE,COUNTRY,FAX,EMAIL,REGION_ID) values ('41','Almacen Juliaca','Av. lala','803939','Peru','50505','risitos@gmail.com','23');
REM INSERTING into OSMAR_USER.DEPOT_PRODUCTS
SET DEFINE OFF;
REM INSERTING into OSMAR_USER.CUSTOMERS
SET DEFINE OFF;
Insert into OSMAR_USER.CUSTOMERS (ID,NAME,DOOR,STREET,TELEPHONE,LOCALITY,PROVINCE,CP,BANK_ACCOUNT,EMAIL,COUNTRY,COMPANY_STATE,CONTACT_PERSON,TIF_PERS_CONTACT,RATIO_CONFIDENCE,REPRESENTATIVE,FAX,DNI,EMPLOYEE_ID) values ('28','Daniel Travieso Diaz','1','Jr. Moquegua 3','909050   ','Puno','Puno','12311','10000',null,'Peru',null,null,null,null,null,null,'47402208','24');
Insert into OSMAR_USER.CUSTOMERS (ID,NAME,DOOR,STREET,TELEPHONE,LOCALITY,PROVINCE,CP,BANK_ACCOUNT,EMAIL,COUNTRY,COMPANY_STATE,CONTACT_PERSON,TIF_PERS_CONTACT,RATIO_CONFIDENCE,REPRESENTATIVE,FAX,DNI,EMPLOYEE_ID) values ('29','Yesica Magaly Ramirez','1','Jr. Lim 324','803939   ','Puno','Puno','90901','20000','risitos@gmail.com','Peru',null,null,null,null,null,null,'70117768','24');
Insert into OSMAR_USER.CUSTOMERS (ID,NAME,DOOR,STREET,TELEPHONE,LOCALITY,PROVINCE,CP,BANK_ACCOUNT,EMAIL,COUNTRY,COMPANY_STATE,CONTACT_PERSON,TIF_PERS_CONTACT,RATIO_CONFIDENCE,REPRESENTATIVE,FAX,DNI,EMPLOYEE_ID) values ('30','Jose Jose el Puma','12','Jr. Moquegua 3','803939   ','Puno','Puno','90121','908978','jose.jose@gmail.com','Peru',null,null,null,null,null,null,'47402207','24');
REM INSERTING into OSMAR_USER.COUNTRIES
SET DEFINE OFF;
Insert into OSMAR_USER.COUNTRIES (ID,NAME,REGION_ID) values ('21','Chile','23');
Insert into OSMAR_USER.COUNTRIES (ID,NAME,REGION_ID) values ('1','Peru','23');
--------------------------------------------------------
--  DDL for Index SYS_C007638
--------------------------------------------------------

  CREATE UNIQUE INDEX "OSMAR_USER"."SYS_C007638" ON "OSMAR_USER"."USERS" ("ID") 
  PCTFREE 10 INITRANS 2 MAXTRANS 255 COMPUTE STATISTICS 
  STORAGE(INITIAL 65536 NEXT 1048576 MINEXTENTS 1 MAXEXTENTS 2147483645
  PCTINCREASE 0 FREELISTS 1 FREELIST GROUPS 1 BUFFER_POOL DEFAULT FLASH_CACHE DEFAULT CELL_FLASH_CACHE DEFAULT)
  TABLESPACE "USERS" ;
--------------------------------------------------------
--  DDL for Index SYS_C007262
--------------------------------------------------------

  CREATE UNIQUE INDEX "OSMAR_USER"."SYS_C007262" ON "OSMAR_USER"."SUPPLIERS" ("ID") 
  PCTFREE 10 INITRANS 2 MAXTRANS 255 COMPUTE STATISTICS 
  STORAGE(INITIAL 65536 NEXT 1048576 MINEXTENTS 1 MAXEXTENTS 2147483645
  PCTINCREASE 0 FREELISTS 1 FREELIST GROUPS 1 BUFFER_POOL DEFAULT FLASH_CACHE DEFAULT CELL_FLASH_CACHE DEFAULT)
  TABLESPACE "USERS" ;
--------------------------------------------------------
--  DDL for Index SYS_C007251
--------------------------------------------------------

  CREATE UNIQUE INDEX "OSMAR_USER"."SYS_C007251" ON "OSMAR_USER"."REGIONS" ("ID") 
  PCTFREE 10 INITRANS 2 MAXTRANS 255 COMPUTE STATISTICS 
  STORAGE(INITIAL 65536 NEXT 1048576 MINEXTENTS 1 MAXEXTENTS 2147483645
  PCTINCREASE 0 FREELISTS 1 FREELIST GROUPS 1 BUFFER_POOL DEFAULT FLASH_CACHE DEFAULT CELL_FLASH_CACHE DEFAULT)
  TABLESPACE "USERS" ;
--------------------------------------------------------
--  DDL for Index SYS_C007266
--------------------------------------------------------

  CREATE UNIQUE INDEX "OSMAR_USER"."SYS_C007266" ON "OSMAR_USER"."PRODUCTS" ("ID") 
  PCTFREE 10 INITRANS 2 MAXTRANS 255 COMPUTE STATISTICS 
  STORAGE(INITIAL 65536 NEXT 1048576 MINEXTENTS 1 MAXEXTENTS 2147483645
  PCTINCREASE 0 FREELISTS 1 FREELIST GROUPS 1 BUFFER_POOL DEFAULT FLASH_CACHE DEFAULT CELL_FLASH_CACHE DEFAULT)
  TABLESPACE "USERS" ;
--------------------------------------------------------
--  DDL for Index SYS_C007315
--------------------------------------------------------

  CREATE UNIQUE INDEX "OSMAR_USER"."SYS_C007315" ON "OSMAR_USER"."ORDERS" ("ID") 
  PCTFREE 10 INITRANS 2 MAXTRANS 255 COMPUTE STATISTICS 
  STORAGE(INITIAL 65536 NEXT 1048576 MINEXTENTS 1 MAXEXTENTS 2147483645
  PCTINCREASE 0 FREELISTS 1 FREELIST GROUPS 1 BUFFER_POOL DEFAULT FLASH_CACHE DEFAULT CELL_FLASH_CACHE DEFAULT)
  TABLESPACE "USERS" ;
--------------------------------------------------------
--  DDL for Index SYS_C007323
--------------------------------------------------------

  CREATE UNIQUE INDEX "OSMAR_USER"."SYS_C007323" ON "OSMAR_USER"."ORDER_LINES" ("ID") 
  PCTFREE 10 INITRANS 2 MAXTRANS 255 COMPUTE STATISTICS 
  STORAGE(INITIAL 65536 NEXT 1048576 MINEXTENTS 1 MAXEXTENTS 2147483645
  PCTINCREASE 0 FREELISTS 1 FREELIST GROUPS 1 BUFFER_POOL DEFAULT FLASH_CACHE DEFAULT CELL_FLASH_CACHE DEFAULT)
  TABLESPACE "USERS" ;
--------------------------------------------------------
--  DDL for Index SYS_C007329
--------------------------------------------------------

  CREATE UNIQUE INDEX "OSMAR_USER"."SYS_C007329" ON "OSMAR_USER"."INCIDENTS" ("ID") 
  PCTFREE 10 INITRANS 2 MAXTRANS 255 COMPUTE STATISTICS 
  STORAGE(INITIAL 65536 NEXT 1048576 MINEXTENTS 1 MAXEXTENTS 2147483645
  PCTINCREASE 0 FREELISTS 1 FREELIST GROUPS 1 BUFFER_POOL DEFAULT FLASH_CACHE DEFAULT CELL_FLASH_CACHE DEFAULT)
  TABLESPACE "USERS" ;
--------------------------------------------------------
--  DDL for Index SYS_C007280
--------------------------------------------------------

  CREATE UNIQUE INDEX "OSMAR_USER"."SYS_C007280" ON "OSMAR_USER"."EMPLOYEES" ("ID") 
  PCTFREE 10 INITRANS 2 MAXTRANS 255 COMPUTE STATISTICS 
  STORAGE(INITIAL 65536 NEXT 1048576 MINEXTENTS 1 MAXEXTENTS 2147483645
  PCTINCREASE 0 FREELISTS 1 FREELIST GROUPS 1 BUFFER_POOL DEFAULT FLASH_CACHE DEFAULT CELL_FLASH_CACHE DEFAULT)
  TABLESPACE "USERS" ;
--------------------------------------------------------
--  DDL for Index SYS_C007272
--------------------------------------------------------

  CREATE UNIQUE INDEX "OSMAR_USER"."SYS_C007272" ON "OSMAR_USER"."DEPOTS" ("ID") 
  PCTFREE 10 INITRANS 2 MAXTRANS 255 COMPUTE STATISTICS 
  STORAGE(INITIAL 65536 NEXT 1048576 MINEXTENTS 1 MAXEXTENTS 2147483645
  PCTINCREASE 0 FREELISTS 1 FREELIST GROUPS 1 BUFFER_POOL DEFAULT FLASH_CACHE DEFAULT CELL_FLASH_CACHE DEFAULT)
  TABLESPACE "USERS" ;
--------------------------------------------------------
--  DDL for Index SYS_C007335
--------------------------------------------------------

  CREATE UNIQUE INDEX "OSMAR_USER"."SYS_C007335" ON "OSMAR_USER"."DEPOT_PRODUCTS" ("ID") 
  PCTFREE 10 INITRANS 2 MAXTRANS 255 COMPUTE STATISTICS 
  STORAGE(INITIAL 65536 NEXT 1048576 MINEXTENTS 1 MAXEXTENTS 2147483645
  PCTINCREASE 0 FREELISTS 1 FREELIST GROUPS 1 BUFFER_POOL DEFAULT FLASH_CACHE DEFAULT CELL_FLASH_CACHE DEFAULT)
  TABLESPACE "USERS" ;
--------------------------------------------------------
--  DDL for Index SYS_C007301
--------------------------------------------------------

  CREATE UNIQUE INDEX "OSMAR_USER"."SYS_C007301" ON "OSMAR_USER"."CUSTOMERS" ("ID") 
  PCTFREE 10 INITRANS 2 MAXTRANS 255 COMPUTE STATISTICS 
  STORAGE(INITIAL 65536 NEXT 1048576 MINEXTENTS 1 MAXEXTENTS 2147483645
  PCTINCREASE 0 FREELISTS 1 FREELIST GROUPS 1 BUFFER_POOL DEFAULT FLASH_CACHE DEFAULT CELL_FLASH_CACHE DEFAULT)
  TABLESPACE "USERS" ;
--------------------------------------------------------
--  DDL for Index CUSTOMERS_UK1
--------------------------------------------------------

  CREATE UNIQUE INDEX "OSMAR_USER"."CUSTOMERS_UK1" ON "OSMAR_USER"."CUSTOMERS" ("DNI") 
  PCTFREE 10 INITRANS 2 MAXTRANS 255 COMPUTE STATISTICS 
  STORAGE(INITIAL 65536 NEXT 1048576 MINEXTENTS 1 MAXEXTENTS 2147483645
  PCTINCREASE 0 FREELISTS 1 FREELIST GROUPS 1 BUFFER_POOL DEFAULT FLASH_CACHE DEFAULT CELL_FLASH_CACHE DEFAULT)
  TABLESPACE "USERS" ;
--------------------------------------------------------
--  DDL for Index SYS_C007254
--------------------------------------------------------

  CREATE UNIQUE INDEX "OSMAR_USER"."SYS_C007254" ON "OSMAR_USER"."COUNTRIES" ("ID") 
  PCTFREE 10 INITRANS 2 MAXTRANS 255 COMPUTE STATISTICS 
  STORAGE(INITIAL 65536 NEXT 1048576 MINEXTENTS 1 MAXEXTENTS 2147483645
  PCTINCREASE 0 FREELISTS 1 FREELIST GROUPS 1 BUFFER_POOL DEFAULT FLASH_CACHE DEFAULT CELL_FLASH_CACHE DEFAULT)
  TABLESPACE "USERS" ;
--------------------------------------------------------
--  Constraints for Table USERS
--------------------------------------------------------

  ALTER TABLE "OSMAR_USER"."USERS" ADD PRIMARY KEY ("ID")
  USING INDEX PCTFREE 10 INITRANS 2 MAXTRANS 255 COMPUTE STATISTICS 
  STORAGE(INITIAL 65536 NEXT 1048576 MINEXTENTS 1 MAXEXTENTS 2147483645
  PCTINCREASE 0 FREELISTS 1 FREELIST GROUPS 1 BUFFER_POOL DEFAULT FLASH_CACHE DEFAULT CELL_FLASH_CACHE DEFAULT)
  TABLESPACE "USERS"  ENABLE;
  ALTER TABLE "OSMAR_USER"."USERS" MODIFY ("PASSWORD" NOT NULL ENABLE);
  ALTER TABLE "OSMAR_USER"."USERS" MODIFY ("NAME" NOT NULL ENABLE);
--------------------------------------------------------
--  Constraints for Table SUPPLIERS
--------------------------------------------------------

  ALTER TABLE "OSMAR_USER"."SUPPLIERS" MODIFY ("DNI" NOT NULL ENABLE);
  ALTER TABLE "OSMAR_USER"."SUPPLIERS" MODIFY ("NAME" NOT NULL ENABLE);
  ALTER TABLE "OSMAR_USER"."SUPPLIERS" MODIFY ("ADDRESS" NOT NULL ENABLE);
  ALTER TABLE "OSMAR_USER"."SUPPLIERS" MODIFY ("LOCALITY" NOT NULL ENABLE);
  ALTER TABLE "OSMAR_USER"."SUPPLIERS" MODIFY ("PROVINCE" NOT NULL ENABLE);
  ALTER TABLE "OSMAR_USER"."SUPPLIERS" MODIFY ("COUNTRY" NOT NULL ENABLE);
  ALTER TABLE "OSMAR_USER"."SUPPLIERS" ADD PRIMARY KEY ("ID")
  USING INDEX PCTFREE 10 INITRANS 2 MAXTRANS 255 COMPUTE STATISTICS 
  STORAGE(INITIAL 65536 NEXT 1048576 MINEXTENTS 1 MAXEXTENTS 2147483645
  PCTINCREASE 0 FREELISTS 1 FREELIST GROUPS 1 BUFFER_POOL DEFAULT FLASH_CACHE DEFAULT CELL_FLASH_CACHE DEFAULT)
  TABLESPACE "USERS"  ENABLE;
--------------------------------------------------------
--  Constraints for Table REGIONS
--------------------------------------------------------

  ALTER TABLE "OSMAR_USER"."REGIONS" MODIFY ("NAME" NOT NULL ENABLE);
  ALTER TABLE "OSMAR_USER"."REGIONS" ADD PRIMARY KEY ("ID")
  USING INDEX PCTFREE 10 INITRANS 2 MAXTRANS 255 COMPUTE STATISTICS 
  STORAGE(INITIAL 65536 NEXT 1048576 MINEXTENTS 1 MAXEXTENTS 2147483645
  PCTINCREASE 0 FREELISTS 1 FREELIST GROUPS 1 BUFFER_POOL DEFAULT FLASH_CACHE DEFAULT CELL_FLASH_CACHE DEFAULT)
  TABLESPACE "USERS"  ENABLE;
--------------------------------------------------------
--  Constraints for Table PRODUCTS
--------------------------------------------------------

  ALTER TABLE "OSMAR_USER"."PRODUCTS" MODIFY ("PRICE" NOT NULL ENABLE);
  ALTER TABLE "OSMAR_USER"."PRODUCTS" MODIFY ("NAME" NOT NULL ENABLE);
  ALTER TABLE "OSMAR_USER"."PRODUCTS" MODIFY ("SUPPLIER_ID" NOT NULL ENABLE);
  ALTER TABLE "OSMAR_USER"."PRODUCTS" ADD PRIMARY KEY ("ID")
  USING INDEX PCTFREE 10 INITRANS 2 MAXTRANS 255 COMPUTE STATISTICS 
  STORAGE(INITIAL 65536 NEXT 1048576 MINEXTENTS 1 MAXEXTENTS 2147483645
  PCTINCREASE 0 FREELISTS 1 FREELIST GROUPS 1 BUFFER_POOL DEFAULT FLASH_CACHE DEFAULT CELL_FLASH_CACHE DEFAULT)
  TABLESPACE "USERS"  ENABLE;
--------------------------------------------------------
--  Constraints for Table ORDERS
--------------------------------------------------------

  ALTER TABLE "OSMAR_USER"."ORDERS" MODIFY ("CP_ENVIO" NOT NULL ENABLE);
  ALTER TABLE "OSMAR_USER"."ORDERS" MODIFY ("SENDING_COUNTRY" NOT NULL ENABLE);
  ALTER TABLE "OSMAR_USER"."ORDERS" MODIFY ("SENDING_DOOR" NOT NULL ENABLE);
  ALTER TABLE "OSMAR_USER"."ORDERS" MODIFY ("SENDING_NUMBER" NOT NULL ENABLE);
  ALTER TABLE "OSMAR_USER"."ORDERS" MODIFY ("PAYMENT_FORM" NOT NULL ENABLE);
  ALTER TABLE "OSMAR_USER"."ORDERS" MODIFY ("EMPLOYEE_ID" NOT NULL ENABLE);
  ALTER TABLE "OSMAR_USER"."ORDERS" MODIFY ("CUSTOMER_ID" NOT NULL ENABLE);
  ALTER TABLE "OSMAR_USER"."ORDERS" ADD PRIMARY KEY ("ID")
  USING INDEX PCTFREE 10 INITRANS 2 MAXTRANS 255 COMPUTE STATISTICS 
  STORAGE(INITIAL 65536 NEXT 1048576 MINEXTENTS 1 MAXEXTENTS 2147483645
  PCTINCREASE 0 FREELISTS 1 FREELIST GROUPS 1 BUFFER_POOL DEFAULT FLASH_CACHE DEFAULT CELL_FLASH_CACHE DEFAULT)
  TABLESPACE "USERS"  ENABLE;
  ALTER TABLE "OSMAR_USER"."ORDERS" MODIFY ("STATE" NOT NULL ENABLE);
--------------------------------------------------------
--  Constraints for Table ORDER_LINES
--------------------------------------------------------

  ALTER TABLE "OSMAR_USER"."ORDER_LINES" MODIFY ("CANTIDAD" NOT NULL ENABLE);
  ALTER TABLE "OSMAR_USER"."ORDER_LINES" MODIFY ("PRECIO" NOT NULL ENABLE);
  ALTER TABLE "OSMAR_USER"."ORDER_LINES" MODIFY ("ASSIGNED_AMOUNT" NOT NULL ENABLE);
  ALTER TABLE "OSMAR_USER"."ORDER_LINES" MODIFY ("ORDER_ID" NOT NULL ENABLE);
  ALTER TABLE "OSMAR_USER"."ORDER_LINES" MODIFY ("PRODUCT_ID" NOT NULL ENABLE);
  ALTER TABLE "OSMAR_USER"."ORDER_LINES" ADD PRIMARY KEY ("ID")
  USING INDEX PCTFREE 10 INITRANS 2 MAXTRANS 255 COMPUTE STATISTICS 
  STORAGE(INITIAL 65536 NEXT 1048576 MINEXTENTS 1 MAXEXTENTS 2147483645
  PCTINCREASE 0 FREELISTS 1 FREELIST GROUPS 1 BUFFER_POOL DEFAULT FLASH_CACHE DEFAULT CELL_FLASH_CACHE DEFAULT)
  TABLESPACE "USERS"  ENABLE;
--------------------------------------------------------
--  Constraints for Table INCIDENTS
--------------------------------------------------------

  ALTER TABLE "OSMAR_USER"."INCIDENTS" MODIFY ("DATED" NOT NULL ENABLE);
  ALTER TABLE "OSMAR_USER"."INCIDENTS" MODIFY ("EMPLOYEE_ID" NOT NULL ENABLE);
  ALTER TABLE "OSMAR_USER"."INCIDENTS" MODIFY ("ORDER_ID" NOT NULL ENABLE);
  ALTER TABLE "OSMAR_USER"."INCIDENTS" ADD PRIMARY KEY ("ID")
  USING INDEX PCTFREE 10 INITRANS 2 MAXTRANS 255 COMPUTE STATISTICS 
  STORAGE(INITIAL 65536 NEXT 1048576 MINEXTENTS 1 MAXEXTENTS 2147483645
  PCTINCREASE 0 FREELISTS 1 FREELIST GROUPS 1 BUFFER_POOL DEFAULT FLASH_CACHE DEFAULT CELL_FLASH_CACHE DEFAULT)
  TABLESPACE "USERS"  ENABLE;
--------------------------------------------------------
--  Constraints for Table EMPLOYEES
--------------------------------------------------------

  ALTER TABLE "OSMAR_USER"."EMPLOYEES" MODIFY ("LOGIN" NOT NULL ENABLE);
  ALTER TABLE "OSMAR_USER"."EMPLOYEES" MODIFY ("PASSWORD" NOT NULL ENABLE);
  ALTER TABLE "OSMAR_USER"."EMPLOYEES" MODIFY ("CHARGE" NOT NULL ENABLE);
  ALTER TABLE "OSMAR_USER"."EMPLOYEES" MODIFY ("NAME" NOT NULL ENABLE);
  ALTER TABLE "OSMAR_USER"."EMPLOYEES" MODIFY ("TELEPHONE" NOT NULL ENABLE);
  ALTER TABLE "OSMAR_USER"."EMPLOYEES" MODIFY ("DEPOT_ID" NOT NULL ENABLE);
  ALTER TABLE "OSMAR_USER"."EMPLOYEES" ADD PRIMARY KEY ("ID")
  USING INDEX PCTFREE 10 INITRANS 2 MAXTRANS 255 COMPUTE STATISTICS 
  STORAGE(INITIAL 65536 NEXT 1048576 MINEXTENTS 1 MAXEXTENTS 2147483645
  PCTINCREASE 0 FREELISTS 1 FREELIST GROUPS 1 BUFFER_POOL DEFAULT FLASH_CACHE DEFAULT CELL_FLASH_CACHE DEFAULT)
  TABLESPACE "USERS"  ENABLE;
--------------------------------------------------------
--  Constraints for Table DEPOTS
--------------------------------------------------------

  ALTER TABLE "OSMAR_USER"."DEPOTS" MODIFY ("NAME" NOT NULL ENABLE);
  ALTER TABLE "OSMAR_USER"."DEPOTS" MODIFY ("ADDRESS" NOT NULL ENABLE);
  ALTER TABLE "OSMAR_USER"."DEPOTS" MODIFY ("COUNTRY" NOT NULL ENABLE);
  ALTER TABLE "OSMAR_USER"."DEPOTS" MODIFY ("REGION_ID" NOT NULL ENABLE);
  ALTER TABLE "OSMAR_USER"."DEPOTS" ADD PRIMARY KEY ("ID")
  USING INDEX PCTFREE 10 INITRANS 2 MAXTRANS 255 COMPUTE STATISTICS 
  STORAGE(INITIAL 65536 NEXT 1048576 MINEXTENTS 1 MAXEXTENTS 2147483645
  PCTINCREASE 0 FREELISTS 1 FREELIST GROUPS 1 BUFFER_POOL DEFAULT FLASH_CACHE DEFAULT CELL_FLASH_CACHE DEFAULT)
  TABLESPACE "USERS"  ENABLE;
--------------------------------------------------------
--  Constraints for Table DEPOT_PRODUCTS
--------------------------------------------------------

  ALTER TABLE "OSMAR_USER"."DEPOT_PRODUCTS" MODIFY ("STOCK" NOT NULL ENABLE);
  ALTER TABLE "OSMAR_USER"."DEPOT_PRODUCTS" MODIFY ("DEPOT_ID" NOT NULL ENABLE);
  ALTER TABLE "OSMAR_USER"."DEPOT_PRODUCTS" MODIFY ("PRODUCT_ID" NOT NULL ENABLE);
  ALTER TABLE "OSMAR_USER"."DEPOT_PRODUCTS" ADD PRIMARY KEY ("ID")
  USING INDEX PCTFREE 10 INITRANS 2 MAXTRANS 255 COMPUTE STATISTICS 
  STORAGE(INITIAL 65536 NEXT 1048576 MINEXTENTS 1 MAXEXTENTS 2147483645
  PCTINCREASE 0 FREELISTS 1 FREELIST GROUPS 1 BUFFER_POOL DEFAULT FLASH_CACHE DEFAULT CELL_FLASH_CACHE DEFAULT)
  TABLESPACE "USERS"  ENABLE;
--------------------------------------------------------
--  Constraints for Table CUSTOMERS
--------------------------------------------------------

  ALTER TABLE "OSMAR_USER"."CUSTOMERS" MODIFY ("DNI" NOT NULL ENABLE);
  ALTER TABLE "OSMAR_USER"."CUSTOMERS" ADD CONSTRAINT "CUSTOMERS_UK1" UNIQUE ("DNI")
  USING INDEX PCTFREE 10 INITRANS 2 MAXTRANS 255 COMPUTE STATISTICS 
  STORAGE(INITIAL 65536 NEXT 1048576 MINEXTENTS 1 MAXEXTENTS 2147483645
  PCTINCREASE 0 FREELISTS 1 FREELIST GROUPS 1 BUFFER_POOL DEFAULT FLASH_CACHE DEFAULT CELL_FLASH_CACHE DEFAULT)
  TABLESPACE "USERS"  ENABLE;
  ALTER TABLE "OSMAR_USER"."CUSTOMERS" MODIFY ("EMPLOYEE_ID" NOT NULL ENABLE);
  ALTER TABLE "OSMAR_USER"."CUSTOMERS" MODIFY ("CP" NOT NULL ENABLE);
  ALTER TABLE "OSMAR_USER"."CUSTOMERS" MODIFY ("NAME" NOT NULL ENABLE);
  ALTER TABLE "OSMAR_USER"."CUSTOMERS" MODIFY ("DOOR" NOT NULL ENABLE);
  ALTER TABLE "OSMAR_USER"."CUSTOMERS" MODIFY ("STREET" NOT NULL ENABLE);
  ALTER TABLE "OSMAR_USER"."CUSTOMERS" MODIFY ("LOCALITY" NOT NULL ENABLE);
  ALTER TABLE "OSMAR_USER"."CUSTOMERS" MODIFY ("PROVINCE" NOT NULL ENABLE);
  ALTER TABLE "OSMAR_USER"."CUSTOMERS" MODIFY ("BANK_ACCOUNT" NOT NULL ENABLE);
  ALTER TABLE "OSMAR_USER"."CUSTOMERS" ADD PRIMARY KEY ("ID")
  USING INDEX PCTFREE 10 INITRANS 2 MAXTRANS 255 COMPUTE STATISTICS 
  STORAGE(INITIAL 65536 NEXT 1048576 MINEXTENTS 1 MAXEXTENTS 2147483645
  PCTINCREASE 0 FREELISTS 1 FREELIST GROUPS 1 BUFFER_POOL DEFAULT FLASH_CACHE DEFAULT CELL_FLASH_CACHE DEFAULT)
  TABLESPACE "USERS"  ENABLE;
--------------------------------------------------------
--  Constraints for Table COUNTRIES
--------------------------------------------------------

  ALTER TABLE "OSMAR_USER"."COUNTRIES" MODIFY ("NAME" NOT NULL ENABLE);
  ALTER TABLE "OSMAR_USER"."COUNTRIES" MODIFY ("REGION_ID" NOT NULL ENABLE);
  ALTER TABLE "OSMAR_USER"."COUNTRIES" ADD PRIMARY KEY ("ID")
  USING INDEX PCTFREE 10 INITRANS 2 MAXTRANS 255 COMPUTE STATISTICS 
  STORAGE(INITIAL 65536 NEXT 1048576 MINEXTENTS 1 MAXEXTENTS 2147483645
  PCTINCREASE 0 FREELISTS 1 FREELIST GROUPS 1 BUFFER_POOL DEFAULT FLASH_CACHE DEFAULT CELL_FLASH_CACHE DEFAULT)
  TABLESPACE "USERS"  ENABLE;
--------------------------------------------------------
--  Ref Constraints for Table PRODUCTS
--------------------------------------------------------

  ALTER TABLE "OSMAR_USER"."PRODUCTS" ADD FOREIGN KEY ("SUPPLIER_ID")
	  REFERENCES "OSMAR_USER"."SUPPLIERS" ("ID") ENABLE;
--------------------------------------------------------
--  Ref Constraints for Table ORDERS
--------------------------------------------------------

  ALTER TABLE "OSMAR_USER"."ORDERS" ADD FOREIGN KEY ("EMPLOYEE_ID")
	  REFERENCES "OSMAR_USER"."EMPLOYEES" ("ID") ENABLE;
  ALTER TABLE "OSMAR_USER"."ORDERS" ADD CONSTRAINT "SYS_C007618" FOREIGN KEY ("CUSTOMER_ID")
	  REFERENCES "OSMAR_USER"."CUSTOMERS" ("ID") ON DELETE CASCADE ENABLE;
--------------------------------------------------------
--  Ref Constraints for Table ORDER_LINES
--------------------------------------------------------

  ALTER TABLE "OSMAR_USER"."ORDER_LINES" ADD CONSTRAINT "SYS_C007615" FOREIGN KEY ("ORDER_ID")
	  REFERENCES "OSMAR_USER"."ORDERS" ("ID") ON DELETE CASCADE ENABLE;
  ALTER TABLE "OSMAR_USER"."ORDER_LINES" ADD FOREIGN KEY ("PRODUCT_ID")
	  REFERENCES "OSMAR_USER"."PRODUCTS" ("ID") ENABLE;
--------------------------------------------------------
--  Ref Constraints for Table INCIDENTS
--------------------------------------------------------

  ALTER TABLE "OSMAR_USER"."INCIDENTS" ADD FOREIGN KEY ("EMPLOYEE_ID")
	  REFERENCES "OSMAR_USER"."EMPLOYEES" ("ID") ENABLE;
  ALTER TABLE "OSMAR_USER"."INCIDENTS" ADD CONSTRAINT "SYS_C007614" FOREIGN KEY ("ORDER_ID")
	  REFERENCES "OSMAR_USER"."ORDERS" ("ID") ON DELETE CASCADE ENABLE;
--------------------------------------------------------
--  Ref Constraints for Table EMPLOYEES
--------------------------------------------------------

  ALTER TABLE "OSMAR_USER"."EMPLOYEES" ADD CONSTRAINT "SYS_C007612" FOREIGN KEY ("DEPOT_ID")
	  REFERENCES "OSMAR_USER"."DEPOTS" ("ID") ON DELETE CASCADE ENABLE;
--------------------------------------------------------
--  Ref Constraints for Table DEPOTS
--------------------------------------------------------

  ALTER TABLE "OSMAR_USER"."DEPOTS" ADD FOREIGN KEY ("REGION_ID")
	  REFERENCES "OSMAR_USER"."REGIONS" ("ID") ENABLE;
--------------------------------------------------------
--  Ref Constraints for Table DEPOT_PRODUCTS
--------------------------------------------------------

  ALTER TABLE "OSMAR_USER"."DEPOT_PRODUCTS" ADD FOREIGN KEY ("DEPOT_ID")
	  REFERENCES "OSMAR_USER"."DEPOTS" ("ID") ENABLE;
  ALTER TABLE "OSMAR_USER"."DEPOT_PRODUCTS" ADD FOREIGN KEY ("PRODUCT_ID")
	  REFERENCES "OSMAR_USER"."PRODUCTS" ("ID") ENABLE;
--------------------------------------------------------
--  Ref Constraints for Table CUSTOMERS
--------------------------------------------------------

  ALTER TABLE "OSMAR_USER"."CUSTOMERS" ADD CONSTRAINT "CUSTOMERS_EMPLOYEES_FK1" FOREIGN KEY ("EMPLOYEE_ID")
	  REFERENCES "OSMAR_USER"."EMPLOYEES" ("ID") ENABLE;
--------------------------------------------------------
--  Ref Constraints for Table COUNTRIES
--------------------------------------------------------

  ALTER TABLE "OSMAR_USER"."COUNTRIES" ADD CONSTRAINT "SYS_C007607" FOREIGN KEY ("REGION_ID")
	  REFERENCES "OSMAR_USER"."REGIONS" ("ID") ON DELETE CASCADE ENABLE;
--------------------------------------------------------
--  DDL for Trigger USERS_INS_TRG
--------------------------------------------------------

  CREATE OR REPLACE TRIGGER "OSMAR_USER"."USERS_INS_TRG" 
	before insert on users
	for each row
	begin
		select users_seq.nextval into :new.id from dual;
	end;
/
ALTER TRIGGER "OSMAR_USER"."USERS_INS_TRG" ENABLE;
--------------------------------------------------------
--  DDL for Trigger SUPPLIERS_INS_TRG
--------------------------------------------------------

  CREATE OR REPLACE TRIGGER "OSMAR_USER"."SUPPLIERS_INS_TRG" 
	before insert on suppliers
	for each row
	begin 
		select suppliers_seq.nextval into :new.id from dual;
	end;
/
ALTER TRIGGER "OSMAR_USER"."SUPPLIERS_INS_TRG" ENABLE;
--------------------------------------------------------
--  DDL for Trigger REGIONS_INS_TRG
--------------------------------------------------------

  CREATE OR REPLACE TRIGGER "OSMAR_USER"."REGIONS_INS_TRG" 
	before insert on regions
	for each row
	begin
		select regions_seq.nextval into :new.id from dual;
	end;
/
ALTER TRIGGER "OSMAR_USER"."REGIONS_INS_TRG" ENABLE;
--------------------------------------------------------
--  DDL for Trigger PRODUCTS_INS_TRG
--------------------------------------------------------

  CREATE OR REPLACE TRIGGER "OSMAR_USER"."PRODUCTS_INS_TRG" 
	before insert on products
	for each row
	begin
		select products_seq.nextval into :new.id from dual;
	end;
/
ALTER TRIGGER "OSMAR_USER"."PRODUCTS_INS_TRG" ENABLE;
--------------------------------------------------------
--  DDL for Trigger ORDERS_INS_TRG
--------------------------------------------------------

  CREATE OR REPLACE TRIGGER "OSMAR_USER"."ORDERS_INS_TRG" 
	before insert on orders
	for each row
	begin
		select orders_seq.nextval into :new.id from dual;
	end;
/
ALTER TRIGGER "OSMAR_USER"."ORDERS_INS_TRG" ENABLE;
--------------------------------------------------------
--  DDL for Trigger ORDER_LINES_INS_TRG
--------------------------------------------------------

  CREATE OR REPLACE TRIGGER "OSMAR_USER"."ORDER_LINES_INS_TRG" 
	before insert on order_lines
	for each row
	begin
		select order_lines_seq.nextval into :new.id from dual;
	end;
/
ALTER TRIGGER "OSMAR_USER"."ORDER_LINES_INS_TRG" ENABLE;
--------------------------------------------------------
--  DDL for Trigger INCIDENTS_INS_TRG
--------------------------------------------------------

  CREATE OR REPLACE TRIGGER "OSMAR_USER"."INCIDENTS_INS_TRG" 
	before insert on incidents
	for each row
	begin	
		select incidents_seq.nextval into :new.id from dual;
	end;
/
ALTER TRIGGER "OSMAR_USER"."INCIDENTS_INS_TRG" ENABLE;
--------------------------------------------------------
--  DDL for Trigger EMPLOYEES_INS_TRG
--------------------------------------------------------

  CREATE OR REPLACE TRIGGER "OSMAR_USER"."EMPLOYEES_INS_TRG" 
	before insert on employees
	for each row
	begin
		select employees_seq.nextval into :new.id from dual;
	end;
/
ALTER TRIGGER "OSMAR_USER"."EMPLOYEES_INS_TRG" ENABLE;
--------------------------------------------------------
--  DDL for Trigger DEPOTS_INS_TRG
--------------------------------------------------------

  CREATE OR REPLACE TRIGGER "OSMAR_USER"."DEPOTS_INS_TRG" 
	before insert on depots
	for each row
	begin
		select depots_seq.nextval into :new.id from dual;
	end;
/
ALTER TRIGGER "OSMAR_USER"."DEPOTS_INS_TRG" ENABLE;
--------------------------------------------------------
--  DDL for Trigger DEPOT_PRODUCTS_INS_TRG
--------------------------------------------------------

  CREATE OR REPLACE TRIGGER "OSMAR_USER"."DEPOT_PRODUCTS_INS_TRG" 
	before insert on depot_products
	for each row
	begin
		select depot_products_seq.nextval into :new.id from dual;	
	end;
/
ALTER TRIGGER "OSMAR_USER"."DEPOT_PRODUCTS_INS_TRG" ENABLE;
--------------------------------------------------------
--  DDL for Trigger CUSTOMERS_INS_TRG
--------------------------------------------------------

  CREATE OR REPLACE TRIGGER "OSMAR_USER"."CUSTOMERS_INS_TRG" 
	before insert on customers
	for each row
	begin
		select customers_seq.nextval into :new.id from dual;
	end;
/
ALTER TRIGGER "OSMAR_USER"."CUSTOMERS_INS_TRG" ENABLE;
--------------------------------------------------------
--  DDL for Trigger COUNTRIES_INS_TRG
--------------------------------------------------------

  CREATE OR REPLACE TRIGGER "OSMAR_USER"."COUNTRIES_INS_TRG" 
	before insert on countries
	for each row
	begin
		select countries_seq.nextval into :new.id from dual;
	end;
/
ALTER TRIGGER "OSMAR_USER"."COUNTRIES_INS_TRG" ENABLE;
